{"cameraMode":{"drawMode":0,"name":"Shaded","section":"Shading Mode"},"sceneLighting":true,"audioPlay":false,"sceneViewState":{"showFog":true,"showMaterialUpdate":false,"showSkybox":true,"showFlares":true,"showImageEffects":true,"showParticleSystems":true,"showVisualEffectGraphs":true,"m_FxEnabled":true},"in2DMode":false,"pivot":{"x":-0.11686309427022934,"y":2.8674941062927248,"z":-11.89474868774414},"rotation":{"x":-0.24945281445980073,"y":0.03390493988990784,"z":-0.009003364481031895,"w":-0.9676326513290405},"size":1.1935200691223145,"orthographic":false}